kc_type,experiment_id,motion_folder,motion_index,motion_name,file_type,path,sampling_frequency,n_samples,duration_sec
arm,exp01,motion01_canonical,motion01,canonical,imu_nonrigid,e:\VSCode_Study\2026.4.15Manuscript-DIODEM\dataset\arm\exp01\motion01_canonical\exp01_motion01_imu_nonrigid.csv,40.0,5680,142.0
arm,exp01,motion01_canonical,motion01,canonical,imu_rigid,e:\VSCode_Study\2026.4.15Manuscript-DIODEM\dataset\arm\exp01\motion01_canonical\exp01_motion01_imu_rigid.csv,40.0,5680,142.0
arm,exp01,motion01_canonical,motion01,canonical,omc,e:\VSCode_Study\2026.4.15Manuscript-DIODEM\dataset\arm\exp01\motion01_canonical\exp01_motion01_omc.csv,30.0,4260,142.0
arm,exp01,motion02_pause1,motion02,pause1,imu_nonrigid,e:\VSCode_Study\2026.4.15Manuscript-DIODEM\dataset\arm\exp01\motion02_pause1\exp01_motion02_imu_nonrigid.csv,40.0,360,9.0
arm,exp01,motion02_pause1,motion02,pause1,imu_rigid,e:\VSCode_Study\2026.4.15Manuscript-DIODEM\dataset\arm\exp01\motion02_pause1\exp01_motion02_imu_rigid.csv,40.0,360,9.0
arm,exp01,motion02_pause1,motion02,pause1,omc,e:\VSCode_Study\2026.4.15Manuscript-DIODEM\dataset\arm\exp01\motion02_pause1\exp01_motion02_omc.csv,30.0,270,9.0
arm,exp01,motion03_slow1,motion03,slow1,imu_nonrigid,e:\VSCode_Study\2026.4.15Manuscript-DIODEM\dataset\arm\exp01\motion03_slow1\exp01_motion03_imu_nonrigid.csv,40.0,1600,40.0
arm,exp01,motion03_slow1,motion03,slow1,imu_rigid,e:\VSCode_Study\2026.4.15Manuscript-DIODEM\dataset\arm\exp01\motion03_slow1\exp01_motion03_imu_rigid.csv,40.0,1600,40.0
arm,exp01,motion03_slow1,motion03,slow1,omc,e:\VSCode_Study\2026.4.15Manuscript-DIODEM\dataset\arm\exp01\motion03_slow1\exp01_motion03_omc.csv,30.0,1200,40.0
arm,exp01,motion04_pause2,motion04,pause2,imu_nonrigid,e:\VSCode_Study\2026.4.15Manuscript-DIODEM\dataset\arm\exp01\motion04_pause2\exp01_motion04_imu_nonrigid.csv,40.0,240,6.0
arm,exp01,motion04_pause2,motion04,pause2,imu_rigid,e:\VSCode_Study\2026.4.15Manuscript-DIODEM\dataset\arm\exp01\motion04_pause2\exp01_motion04_imu_rigid.csv,40.0,240,6.0
arm,exp01,motion04_pause2,motion04,pause2,omc,e:\VSCode_Study\2026.4.15Manuscript-DIODEM\dataset\arm\exp01\motion04_pause2\exp01_motion04_omc.csv,30.0,180,6.0
arm,exp01,motion05_fast,motion05,fast,imu_nonrigid,e:\VSCode_Study\2026.4.15Manuscript-DIODEM\dataset\arm\exp01\motion05_fast\exp01_motion05_imu_nonrigid.csv,40.0,1720,43.0
arm,exp01,motion05_fast,motion05,fast,imu_rigid,e:\VSCode_Study\2026.4.15Manuscript-DIODEM\dataset\arm\exp01\motion05_fast\exp01_motion05_imu_rigid.csv,40.0,1720,43.0
arm,exp01,motion05_fast,motion05,fast,omc,e:\VSCode_Study\2026.4.15Manuscript-DIODEM\dataset\arm\exp01\motion05_fast\exp01_motion05_omc.csv,30.0,1290,43.0
arm,exp01,motion06_pause3,motion06,pause3,imu_nonrigid,e:\VSCode_Study\2026.4.15Manuscript-DIODEM\dataset\arm\exp01\motion06_pause3\exp01_motion06_imu_nonrigid.csv,40.0,280,7.0
arm,exp01,motion06_pause3,motion06,pause3,imu_rigid,e:\VSCode_Study\2026.4.15Manuscript-DIODEM\dataset\arm\exp01\motion06_pause3\exp01_motion06_imu_rigid.csv,40.0,280,7.0
arm,exp01,motion06_pause3,motion06,pause3,omc,e:\VSCode_Study\2026.4.15Manuscript-DIODEM\dataset\arm\exp01\motion06_pause3\exp01_motion06_omc.csv,30.0,210,7.0
arm,exp01,motion07_fast_slow_fast,motion07,fast_slow_fast,imu_nonrigid,e:\VSCode_Study\2026.4.15Manuscript-DIODEM\dataset\arm\exp01\motion07_fast_slow_fast\exp01_motion07_imu_nonrigid.csv,40.0,1400,35.0
arm,exp01,motion07_fast_slow_fast,motion07,fast_slow_fast,imu_rigid,e:\VSCode_Study\2026.4.15Manuscript-DIODEM\dataset\arm\exp01\motion07_fast_slow_fast\exp01_motion07_imu_rigid.csv,40.0,1400,35.0
arm,exp01,motion07_fast_slow_fast,motion07,fast_slow_fast,omc,e:\VSCode_Study\2026.4.15Manuscript-DIODEM\dataset\arm\exp01\motion07_fast_slow_fast\exp01_motion07_omc.csv,30.0,1050,35.0
arm,exp01,motion08_freeze1,motion08,freeze1,imu_nonrigid,e:\VSCode_Study\2026.4.15Manuscript-DIODEM\dataset\arm\exp01\motion08_freeze1\exp01_motion08_imu_nonrigid.csv,40.0,80,2.0
arm,exp01,motion08_freeze1,motion08,freeze1,imu_rigid,e:\VSCode_Study\2026.4.15Manuscript-DIODEM\dataset\arm\exp01\motion08_freeze1\exp01_motion08_imu_rigid.csv,40.0,80,2.0
arm,exp01,motion08_freeze1,motion08,freeze1,omc,e:\VSCode_Study\2026.4.15Manuscript-DIODEM\dataset\arm\exp01\motion08_freeze1\exp01_motion08_omc.csv,30.0,60,2.0
arm,exp01,motion09_fast_slow,motion09,fast_slow,imu_nonrigid,e:\VSCode_Study\2026.4.15Manuscript-DIODEM\dataset\arm\exp01\motion09_fast_slow\exp01_motion09_imu_nonrigid.csv,40.0,880,22.0
arm,exp01,motion09_fast_slow,motion09,fast_slow,imu_rigid,e:\VSCode_Study\2026.4.15Manuscript-DIODEM\dataset\arm\exp01\motion09_fast_slow\exp01_motion09_imu_rigid.csv,40.0,880,22.0
arm,exp01,motion09_fast_slow,motion09,fast_slow,omc,e:\VSCode_Study\2026.4.15Manuscript-DIODEM\dataset\arm\exp01\motion09_fast_slow\exp01_motion09_omc.csv,30.0,660,22.0
arm,exp01,motion10_freeze2,motion10,freeze2,imu_nonrigid,e:\VSCode_Study\2026.4.15Manuscript-DIODEM\dataset\arm\exp01\motion10_freeze2\exp01_motion10_imu_nonrigid.csv,40.0,120,3.0
arm,exp01,motion10_freeze2,motion10,freeze2,imu_rigid,e:\VSCode_Study\2026.4.15Manuscript-DIODEM\dataset\arm\exp01\motion10_freeze2\exp01_motion10_imu_rigid.csv,40.0,120,3.0
arm,exp01,motion10_freeze2,motion10,freeze2,omc,e:\VSCode_Study\2026.4.15Manuscript-DIODEM\dataset\arm\exp01\motion10_freeze2\exp01_motion10_omc.csv,30.0,90,3.0
arm,exp01,motion11_slow2,motion11,slow2,imu_nonrigid,e:\VSCode_Study\2026.4.15Manuscript-DIODEM\dataset\arm\exp01\motion11_slow2\exp01_motion11_imu_nonrigid.csv,40.0,640,16.0
arm,exp01,motion11_slow2,motion11,slow2,imu_rigid,e:\VSCode_Study\2026.4.15Manuscript-DIODEM\dataset\arm\exp01\motion11_slow2\exp01_motion11_imu_rigid.csv,40.0,640,16.0
arm,exp01,motion11_slow2,motion11,slow2,omc,e:\VSCode_Study\2026.4.15Manuscript-DIODEM\dataset\arm\exp01\motion11_slow2\exp01_motion11_omc.csv,30.0,480,16.0
arm,exp01,motion12_shaking,motion12,shaking,imu_nonrigid,e:\VSCode_Study\2026.4.15Manuscript-DIODEM\dataset\arm\exp01\motion12_shaking\exp01_motion12_imu_nonrigid.csv,40.0,720,18.0
arm,exp01,motion12_shaking,motion12,shaking,imu_rigid,e:\VSCode_Study\2026.4.15Manuscript-DIODEM\dataset\arm\exp01\motion12_shaking\exp01_motion12_imu_rigid.csv,40.0,720,18.0
arm,exp01,motion12_shaking,motion12,shaking,omc,e:\VSCode_Study\2026.4.15Manuscript-DIODEM\dataset\arm\exp01\motion12_shaking\exp01_motion12_omc.csv,30.0,540,18.0
arm,exp01,motion13_pause4,motion13,pause4,imu_nonrigid,e:\VSCode_Study\2026.4.15Manuscript-DIODEM\dataset\arm\exp01\motion13_pause4\exp01_motion13_imu_nonrigid.csv,40.0,1000,25.0
arm,exp01,motion13_pause4,motion13,pause4,imu_rigid,e:\VSCode_Study\2026.4.15Manuscript-DIODEM\dataset\arm\exp01\motion13_pause4\exp01_motion13_imu_rigid.csv,40.0,1000,25.0
arm,exp01,motion13_pause4,motion13,pause4,omc,e:\VSCode_Study\2026.4.15Manuscript-DIODEM\dataset\arm\exp01\motion13_pause4\exp01_motion13_omc.csv,30.0,750,25.0
arm,exp02,motion01_canonical1,motion01,canonical1,imu_nonrigid,e:\VSCode_Study\2026.4.15Manuscript-DIODEM\dataset\arm\exp02\motion01_canonical1\exp02_motion01_imu_nonrigid.csv,40.0,4120,103.0
arm,exp02,motion01_canonical1,motion01,canonical1,imu_rigid,e:\VSCode_Study\2026.4.15Manuscript-DIODEM\dataset\arm\exp02\motion01_canonical1\exp02_motion01_imu_rigid.csv,40.0,4120,103.0
arm,exp02,motion01_canonical1,motion01,canonical1,omc,e:\VSCode_Study\2026.4.15Manuscript-DIODEM\dataset\arm\exp02\motion01_canonical1\exp02_motion01_omc.csv,30.0,3090,103.0
arm,exp02,motion02_pause1,motion02,pause1,imu_nonrigid,e:\VSCode_Study\2026.4.15Manuscript-DIODEM\dataset\arm\exp02\motion02_pause1\exp02_motion02_imu_nonrigid.csv,40.0,210,5.25
arm,exp02,motion02_pause1,motion02,pause1,imu_rigid,e:\VSCode_Study\2026.4.15Manuscript-DIODEM\dataset\arm\exp02\motion02_pause1\exp02_motion02_imu_rigid.csv,40.0,210,5.25
arm,exp02,motion02_pause1,motion02,pause1,omc,e:\VSCode_Study\2026.4.15Manuscript-DIODEM\dataset\arm\exp02\motion02_pause1\exp02_motion02_omc.csv,30.0,157,5.233333333333333
arm,exp02,motion03_slow_fast_mix,motion03,slow_fast_mix,imu_nonrigid,e:\VSCode_Study\2026.4.15Manuscript-DIODEM\dataset\arm\exp02\motion03_slow_fast_mix\exp02_motion03_imu_nonrigid.csv,40.0,2650,66.25
arm,exp02,motion03_slow_fast_mix,motion03,slow_fast_mix,imu_rigid,e:\VSCode_Study\2026.4.15Manuscript-DIODEM\dataset\arm\exp02\motion03_slow_fast_mix\exp02_motion03_imu_rigid.csv,40.0,2650,66.25
arm,exp02,motion03_slow_fast_mix,motion03,slow_fast_mix,omc,e:\VSCode_Study\2026.4.15Manuscript-DIODEM\dataset\arm\exp02\motion03_slow_fast_mix\exp02_motion03_omc.csv,30.0,1988,66.26666666666667
arm,exp02,motion04_pause2,motion04,pause2,imu_nonrigid,e:\VSCode_Study\2026.4.15Manuscript-DIODEM\dataset\arm\exp02\motion04_pause2\exp02_motion04_imu_nonrigid.csv,40.0,240,6.0
arm,exp02,motion04_pause2,motion04,pause2,imu_rigid,e:\VSCode_Study\2026.4.15Manuscript-DIODEM\dataset\arm\exp02\motion04_pause2\exp02_motion04_imu_rigid.csv,40.0,240,6.0
arm,exp02,motion04_pause2,motion04,pause2,omc,e:\VSCode_Study\2026.4.15Manuscript-DIODEM\dataset\arm\exp02\motion04_pause2\exp02_motion04_omc.csv,30.0,180,6.0
arm,exp02,motion05_canonical2,motion05,canonical2,imu_nonrigid,e:\VSCode_Study\2026.4.15Manuscript-DIODEM\dataset\arm\exp02\motion05_canonical2\exp02_motion05_imu_nonrigid.csv,40.0,3620,90.5
arm,exp02,motion05_canonical2,motion05,canonical2,imu_rigid,e:\VSCode_Study\2026.4.15Manuscript-DIODEM\dataset\arm\exp02\motion05_canonical2\exp02_motion05_imu_rigid.csv,40.0,3620,90.5
arm,exp02,motion05_canonical2,motion05,canonical2,omc,e:\VSCode_Study\2026.4.15Manuscript-DIODEM\dataset\arm\exp02\motion05_canonical2\exp02_motion05_omc.csv,30.0,2715,90.5
arm,exp02,motion06_pause3,motion06,pause3,imu_nonrigid,e:\VSCode_Study\2026.4.15Manuscript-DIODEM\dataset\arm\exp02\motion06_pause3\exp02_motion06_imu_nonrigid.csv,40.0,200,5.0
arm,exp02,motion06_pause3,motion06,pause3,imu_rigid,e:\VSCode_Study\2026.4.15Manuscript-DIODEM\dataset\arm\exp02\motion06_pause3\exp02_motion06_imu_rigid.csv,40.0,200,5.0
arm,exp02,motion06_pause3,motion06,pause3,omc,e:\VSCode_Study\2026.4.15Manuscript-DIODEM\dataset\arm\exp02\motion06_pause3\exp02_motion06_omc.csv,30.0,150,5.0
arm,exp02,motion07_slow_fast_freeze_mix,motion07,slow_fast_freeze_mix,imu_nonrigid,e:\VSCode_Study\2026.4.15Manuscript-DIODEM\dataset\arm\exp02\motion07_slow_fast_freeze_mix\exp02_motion07_imu_nonrigid.csv,40.0,2720,68.0
arm,exp02,motion07_slow_fast_freeze_mix,motion07,slow_fast_freeze_mix,imu_rigid,e:\VSCode_Study\2026.4.15Manuscript-DIODEM\dataset\arm\exp02\motion07_slow_fast_freeze_mix\exp02_motion07_imu_rigid.csv,40.0,2720,68.0
arm,exp02,motion07_slow_fast_freeze_mix,motion07,slow_fast_freeze_mix,omc,e:\VSCode_Study\2026.4.15Manuscript-DIODEM\dataset\arm\exp02\motion07_slow_fast_freeze_mix\exp02_motion07_omc.csv,30.0,2040,68.0
arm,exp02,motion08_pause4,motion08,pause4,imu_nonrigid,e:\VSCode_Study\2026.4.15Manuscript-DIODEM\dataset\arm\exp02\motion08_pause4\exp02_motion08_imu_nonrigid.csv,40.0,238,5.95
arm,exp02,motion08_pause4,motion08,pause4,imu_rigid,e:\VSCode_Study\2026.4.15Manuscript-DIODEM\dataset\arm\exp02\motion08_pause4\exp02_motion08_imu_rigid.csv,40.0,238,5.95
arm,exp02,motion08_pause4,motion08,pause4,omc,e:\VSCode_Study\2026.4.15Manuscript-DIODEM\dataset\arm\exp02\motion08_pause4\exp02_motion08_omc.csv,30.0,178,5.933333333333334
arm,exp03,motion01_slow1,motion01,slow1,imu_nonrigid,e:\VSCode_Study\2026.4.15Manuscript-DIODEM\dataset\arm\exp03\motion01_slow1\exp03_motion01_imu_nonrigid.csv,40.0,600,15.0
arm,exp03,motion01_slow1,motion01,slow1,imu_rigid,e:\VSCode_Study\2026.4.15Manuscript-DIODEM\dataset\arm\exp03\motion01_slow1\exp03_motion01_imu_rigid.csv,40.0,600,15.0
arm,exp03,motion01_slow1,motion01,slow1,omc,e:\VSCode_Study\2026.4.15Manuscript-DIODEM\dataset\arm\exp03\motion01_slow1\exp03_motion01_omc.csv,30.0,450,15.0
arm,exp03,motion02_dangle1,motion02,dangle1,imu_nonrigid,e:\VSCode_Study\2026.4.15Manuscript-DIODEM\dataset\arm\exp03\motion02_dangle1\exp03_motion02_imu_nonrigid.csv,40.0,1210,30.25
arm,exp03,motion02_dangle1,motion02,dangle1,imu_rigid,e:\VSCode_Study\2026.4.15Manuscript-DIODEM\dataset\arm\exp03\motion02_dangle1\exp03_motion02_imu_rigid.csv,40.0,1210,30.25
arm,exp03,motion02_dangle1,motion02,dangle1,omc,e:\VSCode_Study\2026.4.15Manuscript-DIODEM\dataset\arm\exp03\motion02_dangle1\exp03_motion02_omc.csv,30.0,907,30.233333333333334
arm,exp03,motion03_pause1,motion03,pause1,imu_nonrigid,e:\VSCode_Study\2026.4.15Manuscript-DIODEM\dataset\arm\exp03\motion03_pause1\exp03_motion03_imu_nonrigid.csv,40.0,90,2.25
arm,exp03,motion03_pause1,motion03,pause1,imu_rigid,e:\VSCode_Study\2026.4.15Manuscript-DIODEM\dataset\arm\exp03\motion03_pause1\exp03_motion03_imu_rigid.csv,40.0,90,2.25
arm,exp03,motion03_pause1,motion03,pause1,omc,e:\VSCode_Study\2026.4.15Manuscript-DIODEM\dataset\arm\exp03\motion03_pause1\exp03_motion03_omc.csv,30.0,68,2.2666666666666666
arm,exp03,motion04_dangle2,motion04,dangle2,imu_nonrigid,e:\VSCode_Study\2026.4.15Manuscript-DIODEM\dataset\arm\exp03\motion04_dangle2\exp03_motion04_imu_nonrigid.csv,40.0,2900,72.5
arm,exp03,motion04_dangle2,motion04,dangle2,imu_rigid,e:\VSCode_Study\2026.4.15Manuscript-DIODEM\dataset\arm\exp03\motion04_dangle2\exp03_motion04_imu_rigid.csv,40.0,2900,72.5
arm,exp03,motion04_dangle2,motion04,dangle2,omc,e:\VSCode_Study\2026.4.15Manuscript-DIODEM\dataset\arm\exp03\motion04_dangle2\exp03_motion04_omc.csv,30.0,2175,72.5
arm,exp03,motion05_pause2,motion05,pause2,imu_nonrigid,e:\VSCode_Study\2026.4.15Manuscript-DIODEM\dataset\arm\exp03\motion05_pause2\exp03_motion05_imu_nonrigid.csv,40.0,950,23.75
arm,exp03,motion05_pause2,motion05,pause2,imu_rigid,e:\VSCode_Study\2026.4.15Manuscript-DIODEM\dataset\arm\exp03\motion05_pause2\exp03_motion05_imu_rigid.csv,40.0,950,23.75
arm,exp03,motion05_pause2,motion05,pause2,omc,e:\VSCode_Study\2026.4.15Manuscript-DIODEM\dataset\arm\exp03\motion05_pause2\exp03_motion05_omc.csv,30.0,712,23.733333333333334
arm,exp03,motion06_slow2,motion06,slow2,imu_nonrigid,e:\VSCode_Study\2026.4.15Manuscript-DIODEM\dataset\arm\exp03\motion06_slow2\exp03_motion06_imu_nonrigid.csv,40.0,650,16.25
arm,exp03,motion06_slow2,motion06,slow2,imu_rigid,e:\VSCode_Study\2026.4.15Manuscript-DIODEM\dataset\arm\exp03\motion06_slow2\exp03_motion06_imu_rigid.csv,40.0,650,16.25
arm,exp03,motion06_slow2,motion06,slow2,omc,e:\VSCode_Study\2026.4.15Manuscript-DIODEM\dataset\arm\exp03\motion06_slow2\exp03_motion06_omc.csv,30.0,488,16.266666666666666
arm,exp03,motion07_dangle3,motion07,dangle3,imu_nonrigid,e:\VSCode_Study\2026.4.15Manuscript-DIODEM\dataset\arm\exp03\motion07_dangle3\exp03_motion07_imu_nonrigid.csv,40.0,1100,27.5
arm,exp03,motion07_dangle3,motion07,dangle3,imu_rigid,e:\VSCode_Study\2026.4.15Manuscript-DIODEM\dataset\arm\exp03\motion07_dangle3\exp03_motion07_imu_rigid.csv,40.0,1100,27.5
arm,exp03,motion07_dangle3,motion07,dangle3,omc,e:\VSCode_Study\2026.4.15Manuscript-DIODEM\dataset\arm\exp03\motion07_dangle3\exp03_motion07_omc.csv,30.0,825,27.5
arm,exp03,motion08_pause3,motion08,pause3,imu_nonrigid,e:\VSCode_Study\2026.4.15Manuscript-DIODEM\dataset\arm\exp03\motion08_pause3\exp03_motion08_imu_nonrigid.csv,40.0,250,6.25
arm,exp03,motion08_pause3,motion08,pause3,imu_rigid,e:\VSCode_Study\2026.4.15Manuscript-DIODEM\dataset\arm\exp03\motion08_pause3\exp03_motion08_imu_rigid.csv,40.0,250,6.25
arm,exp03,motion08_pause3,motion08,pause3,omc,e:\VSCode_Study\2026.4.15Manuscript-DIODEM\dataset\arm\exp03\motion08_pause3\exp03_motion08_omc.csv,30.0,187,6.233333333333333
arm,exp03,motion09_dangle4,motion09,dangle4,imu_nonrigid,e:\VSCode_Study\2026.4.15Manuscript-DIODEM\dataset\arm\exp03\motion09_dangle4\exp03_motion09_imu_nonrigid.csv,40.0,2900,72.5
arm,exp03,motion09_dangle4,motion09,dangle4,imu_rigid,e:\VSCode_Study\2026.4.15Manuscript-DIODEM\dataset\arm\exp03\motion09_dangle4\exp03_motion09_imu_rigid.csv,40.0,2900,72.5
arm,exp03,motion09_dangle4,motion09,dangle4,omc,e:\VSCode_Study\2026.4.15Manuscript-DIODEM\dataset\arm\exp03\motion09_dangle4\exp03_motion09_omc.csv,30.0,2175,72.5
arm,exp03,motion10_pause4,motion10,pause4,imu_nonrigid,e:\VSCode_Study\2026.4.15Manuscript-DIODEM\dataset\arm\exp03\motion10_pause4\exp03_motion10_imu_nonrigid.csv,40.0,362,9.05
arm,exp03,motion10_pause4,motion10,pause4,imu_rigid,e:\VSCode_Study\2026.4.15Manuscript-DIODEM\dataset\arm\exp03\motion10_pause4\exp03_motion10_imu_rigid.csv,40.0,362,9.05
arm,exp03,motion10_pause4,motion10,pause4,omc,e:\VSCode_Study\2026.4.15Manuscript-DIODEM\dataset\arm\exp03\motion10_pause4\exp03_motion10_omc.csv,30.0,272,9.066666666666666
arm,exp04,motion01_slow_global,motion01,slow_global,imu_nonrigid,e:\VSCode_Study\2026.4.15Manuscript-DIODEM\dataset\arm\exp04\motion01_slow_global\exp04_motion01_imu_nonrigid.csv,40.0,1970,49.25
arm,exp04,motion01_slow_global,motion01,slow_global,imu_rigid,e:\VSCode_Study\2026.4.15Manuscript-DIODEM\dataset\arm\exp04\motion01_slow_global\exp04_motion01_imu_rigid.csv,40.0,1970,49.25
arm,exp04,motion01_slow_global,motion01,slow_global,omc,e:\VSCode_Study\2026.4.15Manuscript-DIODEM\dataset\arm\exp04\motion01_slow_global\exp04_motion01_omc.csv,120.0,5910,49.25
arm,exp04,motion02_pause1,motion02,pause1,imu_nonrigid,e:\VSCode_Study\2026.4.15Manuscript-DIODEM\dataset\arm\exp04\motion02_pause1\exp04_motion02_imu_nonrigid.csv,40.0,90,2.25
arm,exp04,motion02_pause1,motion02,pause1,imu_rigid,e:\VSCode_Study\2026.4.15Manuscript-DIODEM\dataset\arm\exp04\motion02_pause1\exp04_motion02_imu_rigid.csv,40.0,90,2.25
arm,exp04,motion02_pause1,motion02,pause1,omc,e:\VSCode_Study\2026.4.15Manuscript-DIODEM\dataset\arm\exp04\motion02_pause1\exp04_motion02_omc.csv,120.0,270,2.25
arm,exp04,motion03_fast_global,motion03,fast_global,imu_nonrigid,e:\VSCode_Study\2026.4.15Manuscript-DIODEM\dataset\arm\exp04\motion03_fast_global\exp04_motion03_imu_nonrigid.csv,40.0,1650,41.25
arm,exp04,motion03_fast_global,motion03,fast_global,imu_rigid,e:\VSCode_Study\2026.4.15Manuscript-DIODEM\dataset\arm\exp04\motion03_fast_global\exp04_motion03_imu_rigid.csv,40.0,1650,41.25
arm,exp04,motion03_fast_global,motion03,fast_global,omc,e:\VSCode_Study\2026.4.15Manuscript-DIODEM\dataset\arm\exp04\motion03_fast_global\exp04_motion03_omc.csv,120.0,4950,41.25
arm,exp04,motion04_pause2,motion04,pause2,imu_nonrigid,e:\VSCode_Study\2026.4.15Manuscript-DIODEM\dataset\arm\exp04\motion04_pause2\exp04_motion04_imu_nonrigid.csv,40.0,350,8.75
arm,exp04,motion04_pause2,motion04,pause2,imu_rigid,e:\VSCode_Study\2026.4.15Manuscript-DIODEM\dataset\arm\exp04\motion04_pause2\exp04_motion04_imu_rigid.csv,40.0,350,8.75
arm,exp04,motion04_pause2,motion04,pause2,omc,e:\VSCode_Study\2026.4.15Manuscript-DIODEM\dataset\arm\exp04\motion04_pause2\exp04_motion04_omc.csv,120.0,1050,8.75
arm,exp04,motion05_dangle_global1,motion05,dangle_global1,imu_nonrigid,e:\VSCode_Study\2026.4.15Manuscript-DIODEM\dataset\arm\exp04\motion05_dangle_global1\exp04_motion05_imu_nonrigid.csv,40.0,1800,45.0
arm,exp04,motion05_dangle_global1,motion05,dangle_global1,imu_rigid,e:\VSCode_Study\2026.4.15Manuscript-DIODEM\dataset\arm\exp04\motion05_dangle_global1\exp04_motion05_imu_rigid.csv,40.0,1800,45.0
arm,exp04,motion05_dangle_global1,motion05,dangle_global1,omc,e:\VSCode_Study\2026.4.15Manuscript-DIODEM\dataset\arm\exp04\motion05_dangle_global1\exp04_motion05_omc.csv,120.0,5400,45.0
arm,exp04,motion06_pause3,motion06,pause3,imu_nonrigid,e:\VSCode_Study\2026.4.15Manuscript-DIODEM\dataset\arm\exp04\motion06_pause3\exp04_motion06_imu_nonrigid.csv,40.0,90,2.25
arm,exp04,motion06_pause3,motion06,pause3,imu_rigid,e:\VSCode_Study\2026.4.15Manuscript-DIODEM\dataset\arm\exp04\motion06_pause3\exp04_motion06_imu_rigid.csv,40.0,90,2.25
arm,exp04,motion06_pause3,motion06,pause3,omc,e:\VSCode_Study\2026.4.15Manuscript-DIODEM\dataset\arm\exp04\motion06_pause3\exp04_motion06_omc.csv,120.0,270,2.25
arm,exp04,motion07_dangle_global2,motion07,dangle_global2,imu_nonrigid,e:\VSCode_Study\2026.4.15Manuscript-DIODEM\dataset\arm\exp04\motion07_dangle_global2\exp04_motion07_imu_nonrigid.csv,40.0,2100,52.5
arm,exp04,motion07_dangle_global2,motion07,dangle_global2,imu_rigid,e:\VSCode_Study\2026.4.15Manuscript-DIODEM\dataset\arm\exp04\motion07_dangle_global2\exp04_motion07_imu_rigid.csv,40.0,2100,52.5
arm,exp04,motion07_dangle_global2,motion07,dangle_global2,omc,e:\VSCode_Study\2026.4.15Manuscript-DIODEM\dataset\arm\exp04\motion07_dangle_global2\exp04_motion07_omc.csv,120.0,6300,52.5
arm,exp04,motion08_pause4,motion08,pause4,imu_nonrigid,e:\VSCode_Study\2026.4.15Manuscript-DIODEM\dataset\arm\exp04\motion08_pause4\exp04_motion08_imu_nonrigid.csv,40.0,218,5.45
arm,exp04,motion08_pause4,motion08,pause4,imu_rigid,e:\VSCode_Study\2026.4.15Manuscript-DIODEM\dataset\arm\exp04\motion08_pause4\exp04_motion08_imu_rigid.csv,40.0,218,5.45
arm,exp04,motion08_pause4,motion08,pause4,omc,e:\VSCode_Study\2026.4.15Manuscript-DIODEM\dataset\arm\exp04\motion08_pause4\exp04_motion08_omc.csv,120.0,653,5.441666666666666
arm,exp05,motion01_pickandplace,motion01,pickandplace,imu_nonrigid,e:\VSCode_Study\2026.4.15Manuscript-DIODEM\dataset\arm\exp05\motion01_pickandplace\exp05_motion01_imu_nonrigid.csv,40.0,3000,75.0
arm,exp05,motion01_pickandplace,motion01,pickandplace,imu_rigid,e:\VSCode_Study\2026.4.15Manuscript-DIODEM\dataset\arm\exp05\motion01_pickandplace\exp05_motion01_imu_rigid.csv,40.0,3000,75.0
arm,exp05,motion01_pickandplace,motion01,pickandplace,omc,e:\VSCode_Study\2026.4.15Manuscript-DIODEM\dataset\arm\exp05\motion01_pickandplace\exp05_motion01_omc.csv,120.0,9000,75.0
arm,exp05,motion02_pause,motion02,pause,imu_nonrigid,e:\VSCode_Study\2026.4.15Manuscript-DIODEM\dataset\arm\exp05\motion02_pause\exp05_motion02_imu_nonrigid.csv,40.0,194,4.85
arm,exp05,motion02_pause,motion02,pause,imu_rigid,e:\VSCode_Study\2026.4.15Manuscript-DIODEM\dataset\arm\exp05\motion02_pause\exp05_motion02_imu_rigid.csv,40.0,194,4.85
arm,exp05,motion02_pause,motion02,pause,omc,e:\VSCode_Study\2026.4.15Manuscript-DIODEM\dataset\arm\exp05\motion02_pause\exp05_motion02_omc.csv,120.0,581,4.841666666666667
gait,exp06,motion01_canonical,motion01,canonical,imu_nonrigid,e:\VSCode_Study\2026.4.15Manuscript-DIODEM\dataset\gait\exp06\motion01_canonical\exp06_motion01_imu_nonrigid.csv,40.0,4400,110.0
gait,exp06,motion01_canonical,motion01,canonical,imu_rigid,e:\VSCode_Study\2026.4.15Manuscript-DIODEM\dataset\gait\exp06\motion01_canonical\exp06_motion01_imu_rigid.csv,40.0,4400,110.0
gait,exp06,motion01_canonical,motion01,canonical,omc,e:\VSCode_Study\2026.4.15Manuscript-DIODEM\dataset\gait\exp06\motion01_canonical\exp06_motion01_omc.csv,120.0,13200,110.0
gait,exp06,motion02_pause1,motion02,pause1,imu_nonrigid,e:\VSCode_Study\2026.4.15Manuscript-DIODEM\dataset\gait\exp06\motion02_pause1\exp06_motion02_imu_nonrigid.csv,40.0,150,3.75
gait,exp06,motion02_pause1,motion02,pause1,imu_rigid,e:\VSCode_Study\2026.4.15Manuscript-DIODEM\dataset\gait\exp06\motion02_pause1\exp06_motion02_imu_rigid.csv,40.0,150,3.75
gait,exp06,motion02_pause1,motion02,pause1,omc,e:\VSCode_Study\2026.4.15Manuscript-DIODEM\dataset\gait\exp06\motion02_pause1\exp06_motion02_omc.csv,120.0,450,3.75
gait,exp06,motion03_slow1,motion03,slow1,imu_nonrigid,e:\VSCode_Study\2026.4.15Manuscript-DIODEM\dataset\gait\exp06\motion03_slow1\exp06_motion03_imu_nonrigid.csv,40.0,1520,38.0
gait,exp06,motion03_slow1,motion03,slow1,imu_rigid,e:\VSCode_Study\2026.4.15Manuscript-DIODEM\dataset\gait\exp06\motion03_slow1\exp06_motion03_imu_rigid.csv,40.0,1520,38.0
gait,exp06,motion03_slow1,motion03,slow1,omc,e:\VSCode_Study\2026.4.15Manuscript-DIODEM\dataset\gait\exp06\motion03_slow1\exp06_motion03_omc.csv,120.0,4560,38.0
gait,exp06,motion04_pause2,motion04,pause2,imu_nonrigid,e:\VSCode_Study\2026.4.15Manuscript-DIODEM\dataset\gait\exp06\motion04_pause2\exp06_motion04_imu_nonrigid.csv,40.0,350,8.75
gait,exp06,motion04_pause2,motion04,pause2,imu_rigid,e:\VSCode_Study\2026.4.15Manuscript-DIODEM\dataset\gait\exp06\motion04_pause2\exp06_motion04_imu_rigid.csv,40.0,350,8.75
gait,exp06,motion04_pause2,motion04,pause2,omc,e:\VSCode_Study\2026.4.15Manuscript-DIODEM\dataset\gait\exp06\motion04_pause2\exp06_motion04_omc.csv,120.0,1050,8.75
gait,exp06,motion05_fast,motion05,fast,imu_nonrigid,e:\VSCode_Study\2026.4.15Manuscript-DIODEM\dataset\gait\exp06\motion05_fast\exp06_motion05_imu_nonrigid.csv,40.0,1470,36.75
gait,exp06,motion05_fast,motion05,fast,imu_rigid,e:\VSCode_Study\2026.4.15Manuscript-DIODEM\dataset\gait\exp06\motion05_fast\exp06_motion05_imu_rigid.csv,40.0,1470,36.75
gait,exp06,motion05_fast,motion05,fast,omc,e:\VSCode_Study\2026.4.15Manuscript-DIODEM\dataset\gait\exp06\motion05_fast\exp06_motion05_omc.csv,120.0,4410,36.75
gait,exp06,motion06_pause3,motion06,pause3,imu_nonrigid,e:\VSCode_Study\2026.4.15Manuscript-DIODEM\dataset\gait\exp06\motion06_pause3\exp06_motion06_imu_nonrigid.csv,40.0,780,19.5
gait,exp06,motion06_pause3,motion06,pause3,imu_rigid,e:\VSCode_Study\2026.4.15Manuscript-DIODEM\dataset\gait\exp06\motion06_pause3\exp06_motion06_imu_rigid.csv,40.0,780,19.5
gait,exp06,motion06_pause3,motion06,pause3,omc,e:\VSCode_Study\2026.4.15Manuscript-DIODEM\dataset\gait\exp06\motion06_pause3\exp06_motion06_omc.csv,120.0,2340,19.5
gait,exp06,motion07_fast_slow_fast,motion07,fast_slow_fast,imu_nonrigid,e:\VSCode_Study\2026.4.15Manuscript-DIODEM\dataset\gait\exp06\motion07_fast_slow_fast\exp06_motion07_imu_nonrigid.csv,40.0,1330,33.25
gait,exp06,motion07_fast_slow_fast,motion07,fast_slow_fast,imu_rigid,e:\VSCode_Study\2026.4.15Manuscript-DIODEM\dataset\gait\exp06\motion07_fast_slow_fast\exp06_motion07_imu_rigid.csv,40.0,1330,33.25
gait,exp06,motion07_fast_slow_fast,motion07,fast_slow_fast,omc,e:\VSCode_Study\2026.4.15Manuscript-DIODEM\dataset\gait\exp06\motion07_fast_slow_fast\exp06_motion07_omc.csv,120.0,3990,33.25
gait,exp06,motion08_freeze1,motion08,freeze1,imu_nonrigid,e:\VSCode_Study\2026.4.15Manuscript-DIODEM\dataset\gait\exp06\motion08_freeze1\exp06_motion08_imu_nonrigid.csv,40.0,100,2.5
gait,exp06,motion08_freeze1,motion08,freeze1,imu_rigid,e:\VSCode_Study\2026.4.15Manuscript-DIODEM\dataset\gait\exp06\motion08_freeze1\exp06_motion08_imu_rigid.csv,40.0,100,2.5
gait,exp06,motion08_freeze1,motion08,freeze1,omc,e:\VSCode_Study\2026.4.15Manuscript-DIODEM\dataset\gait\exp06\motion08_freeze1\exp06_motion08_omc.csv,120.0,300,2.5
gait,exp06,motion09_fast_slow,motion09,fast_slow,imu_nonrigid,e:\VSCode_Study\2026.4.15Manuscript-DIODEM\dataset\gait\exp06\motion09_fast_slow\exp06_motion09_imu_nonrigid.csv,40.0,840,21.0
gait,exp06,motion09_fast_slow,motion09,fast_slow,imu_rigid,e:\VSCode_Study\2026.4.15Manuscript-DIODEM\dataset\gait\exp06\motion09_fast_slow\exp06_motion09_imu_rigid.csv,40.0,840,21.0
gait,exp06,motion09_fast_slow,motion09,fast_slow,omc,e:\VSCode_Study\2026.4.15Manuscript-DIODEM\dataset\gait\exp06\motion09_fast_slow\exp06_motion09_omc.csv,120.0,2520,21.0
gait,exp06,motion10_freeze2,motion10,freeze2,imu_nonrigid,e:\VSCode_Study\2026.4.15Manuscript-DIODEM\dataset\gait\exp06\motion10_freeze2\exp06_motion10_imu_nonrigid.csv,40.0,100,2.5
gait,exp06,motion10_freeze2,motion10,freeze2,imu_rigid,e:\VSCode_Study\2026.4.15Manuscript-DIODEM\dataset\gait\exp06\motion10_freeze2\exp06_motion10_imu_rigid.csv,40.0,100,2.5
gait,exp06,motion10_freeze2,motion10,freeze2,omc,e:\VSCode_Study\2026.4.15Manuscript-DIODEM\dataset\gait\exp06\motion10_freeze2\exp06_motion10_omc.csv,120.0,300,2.5
gait,exp06,motion11_slow2,motion11,slow2,imu_nonrigid,e:\VSCode_Study\2026.4.15Manuscript-DIODEM\dataset\gait\exp06\motion11_slow2\exp06_motion11_imu_nonrigid.csv,40.0,550,13.75
gait,exp06,motion11_slow2,motion11,slow2,imu_rigid,e:\VSCode_Study\2026.4.15Manuscript-DIODEM\dataset\gait\exp06\motion11_slow2\exp06_motion11_imu_rigid.csv,40.0,550,13.75
gait,exp06,motion11_slow2,motion11,slow2,omc,e:\VSCode_Study\2026.4.15Manuscript-DIODEM\dataset\gait\exp06\motion11_slow2\exp06_motion11_omc.csv,120.0,1650,13.75
gait,exp06,motion12_pause4,motion12,pause4,imu_nonrigid,e:\VSCode_Study\2026.4.15Manuscript-DIODEM\dataset\gait\exp06\motion12_pause4\exp06_motion12_imu_nonrigid.csv,40.0,172,4.3
gait,exp06,motion12_pause4,motion12,pause4,imu_rigid,e:\VSCode_Study\2026.4.15Manuscript-DIODEM\dataset\gait\exp06\motion12_pause4\exp06_motion12_imu_rigid.csv,40.0,172,4.3
gait,exp06,motion12_pause4,motion12,pause4,omc,e:\VSCode_Study\2026.4.15Manuscript-DIODEM\dataset\gait\exp06\motion12_pause4\exp06_motion12_omc.csv,120.0,514,4.283333333333333
gait,exp07,motion01_canonical1,motion01,canonical1,imu_nonrigid,e:\VSCode_Study\2026.4.15Manuscript-DIODEM\dataset\gait\exp07\motion01_canonical1\exp07_motion01_imu_nonrigid.csv,40.0,4100,102.5
gait,exp07,motion01_canonical1,motion01,canonical1,imu_rigid,e:\VSCode_Study\2026.4.15Manuscript-DIODEM\dataset\gait\exp07\motion01_canonical1\exp07_motion01_imu_rigid.csv,40.0,4100,102.5
gait,exp07,motion01_canonical1,motion01,canonical1,omc,e:\VSCode_Study\2026.4.15Manuscript-DIODEM\dataset\gait\exp07\motion01_canonical1\exp07_motion01_omc.csv,120.0,12300,102.5
gait,exp07,motion02_pause1,motion02,pause1,imu_nonrigid,e:\VSCode_Study\2026.4.15Manuscript-DIODEM\dataset\gait\exp07\motion02_pause1\exp07_motion02_imu_nonrigid.csv,40.0,300,7.5
gait,exp07,motion02_pause1,motion02,pause1,imu_rigid,e:\VSCode_Study\2026.4.15Manuscript-DIODEM\dataset\gait\exp07\motion02_pause1\exp07_motion02_imu_rigid.csv,40.0,300,7.5
gait,exp07,motion02_pause1,motion02,pause1,omc,e:\VSCode_Study\2026.4.15Manuscript-DIODEM\dataset\gait\exp07\motion02_pause1\exp07_motion02_omc.csv,120.0,900,7.5
gait,exp07,motion03_slow_fast_mix,motion03,slow_fast_mix,imu_nonrigid,e:\VSCode_Study\2026.4.15Manuscript-DIODEM\dataset\gait\exp07\motion03_slow_fast_mix\exp07_motion03_imu_nonrigid.csv,40.0,2700,67.5
gait,exp07,motion03_slow_fast_mix,motion03,slow_fast_mix,imu_rigid,e:\VSCode_Study\2026.4.15Manuscript-DIODEM\dataset\gait\exp07\motion03_slow_fast_mix\exp07_motion03_imu_rigid.csv,40.0,2700,67.5
gait,exp07,motion03_slow_fast_mix,motion03,slow_fast_mix,omc,e:\VSCode_Study\2026.4.15Manuscript-DIODEM\dataset\gait\exp07\motion03_slow_fast_mix\exp07_motion03_omc.csv,120.0,8100,67.5
gait,exp07,motion04_pause2,motion04,pause2,imu_nonrigid,e:\VSCode_Study\2026.4.15Manuscript-DIODEM\dataset\gait\exp07\motion04_pause2\exp07_motion04_imu_nonrigid.csv,40.0,450,11.25
gait,exp07,motion04_pause2,motion04,pause2,imu_rigid,e:\VSCode_Study\2026.4.15Manuscript-DIODEM\dataset\gait\exp07\motion04_pause2\exp07_motion04_imu_rigid.csv,40.0,450,11.25
gait,exp07,motion04_pause2,motion04,pause2,omc,e:\VSCode_Study\2026.4.15Manuscript-DIODEM\dataset\gait\exp07\motion04_pause2\exp07_motion04_omc.csv,120.0,1350,11.25
gait,exp07,motion05_canonical2,motion05,canonical2,imu_nonrigid,e:\VSCode_Study\2026.4.15Manuscript-DIODEM\dataset\gait\exp07\motion05_canonical2\exp07_motion05_imu_nonrigid.csv,40.0,3800,95.0
gait,exp07,motion05_canonical2,motion05,canonical2,imu_rigid,e:\VSCode_Study\2026.4.15Manuscript-DIODEM\dataset\gait\exp07\motion05_canonical2\exp07_motion05_imu_rigid.csv,40.0,3800,95.0
gait,exp07,motion05_canonical2,motion05,canonical2,omc,e:\VSCode_Study\2026.4.15Manuscript-DIODEM\dataset\gait\exp07\motion05_canonical2\exp07_motion05_omc.csv,120.0,11400,95.0
gait,exp07,motion06_pause3,motion06,pause3,imu_nonrigid,e:\VSCode_Study\2026.4.15Manuscript-DIODEM\dataset\gait\exp07\motion06_pause3\exp07_motion06_imu_nonrigid.csv,40.0,150,3.75
gait,exp07,motion06_pause3,motion06,pause3,imu_rigid,e:\VSCode_Study\2026.4.15Manuscript-DIODEM\dataset\gait\exp07\motion06_pause3\exp07_motion06_imu_rigid.csv,40.0,150,3.75
gait,exp07,motion06_pause3,motion06,pause3,omc,e:\VSCode_Study\2026.4.15Manuscript-DIODEM\dataset\gait\exp07\motion06_pause3\exp07_motion06_omc.csv,120.0,450,3.75
gait,exp07,motion07_slow_fast_freeze_mix,motion07,slow_fast_freeze_mix,imu_nonrigid,e:\VSCode_Study\2026.4.15Manuscript-DIODEM\dataset\gait\exp07\motion07_slow_fast_freeze_mix\exp07_motion07_imu_nonrigid.csv,40.0,2600,65.0
gait,exp07,motion07_slow_fast_freeze_mix,motion07,slow_fast_freeze_mix,imu_rigid,e:\VSCode_Study\2026.4.15Manuscript-DIODEM\dataset\gait\exp07\motion07_slow_fast_freeze_mix\exp07_motion07_imu_rigid.csv,40.0,2600,65.0
gait,exp07,motion07_slow_fast_freeze_mix,motion07,slow_fast_freeze_mix,omc,e:\VSCode_Study\2026.4.15Manuscript-DIODEM\dataset\gait\exp07\motion07_slow_fast_freeze_mix\exp07_motion07_omc.csv,120.0,7800,65.0
gait,exp07,motion08_pause4,motion08,pause4,imu_nonrigid,e:\VSCode_Study\2026.4.15Manuscript-DIODEM\dataset\gait\exp07\motion08_pause4\exp07_motion08_imu_nonrigid.csv,40.0,261,6.525
gait,exp07,motion08_pause4,motion08,pause4,imu_rigid,e:\VSCode_Study\2026.4.15Manuscript-DIODEM\dataset\gait\exp07\motion08_pause4\exp07_motion08_imu_rigid.csv,40.0,261,6.525
gait,exp07,motion08_pause4,motion08,pause4,omc,e:\VSCode_Study\2026.4.15Manuscript-DIODEM\dataset\gait\exp07\motion08_pause4\exp07_motion08_omc.csv,120.0,782,6.516666666666667
gait,exp08,motion01_slow,motion01,slow,imu_nonrigid,e:\VSCode_Study\2026.4.15Manuscript-DIODEM\dataset\gait\exp08\motion01_slow\exp08_motion01_imu_nonrigid.csv,40.0,660,16.5
gait,exp08,motion01_slow,motion01,slow,imu_rigid,e:\VSCode_Study\2026.4.15Manuscript-DIODEM\dataset\gait\exp08\motion01_slow\exp08_motion01_imu_rigid.csv,40.0,660,16.5
gait,exp08,motion01_slow,motion01,slow,omc,e:\VSCode_Study\2026.4.15Manuscript-DIODEM\dataset\gait\exp08\motion01_slow\exp08_motion01_omc.csv,120.0,1980,16.5
gait,exp08,motion02_dangle1,motion02,dangle1,imu_nonrigid,e:\VSCode_Study\2026.4.15Manuscript-DIODEM\dataset\gait\exp08\motion02_dangle1\exp08_motion02_imu_nonrigid.csv,40.0,1240,31.0
gait,exp08,motion02_dangle1,motion02,dangle1,imu_rigid,e:\VSCode_Study\2026.4.15Manuscript-DIODEM\dataset\gait\exp08\motion02_dangle1\exp08_motion02_imu_rigid.csv,40.0,1240,31.0
gait,exp08,motion02_dangle1,motion02,dangle1,omc,e:\VSCode_Study\2026.4.15Manuscript-DIODEM\dataset\gait\exp08\motion02_dangle1\exp08_motion02_omc.csv,120.0,3720,31.0
gait,exp08,motion03_pause1,motion03,pause1,imu_nonrigid,e:\VSCode_Study\2026.4.15Manuscript-DIODEM\dataset\gait\exp08\motion03_pause1\exp08_motion03_imu_nonrigid.csv,40.0,310,7.75
gait,exp08,motion03_pause1,motion03,pause1,imu_rigid,e:\VSCode_Study\2026.4.15Manuscript-DIODEM\dataset\gait\exp08\motion03_pause1\exp08_motion03_imu_rigid.csv,40.0,310,7.75
gait,exp08,motion03_pause1,motion03,pause1,omc,e:\VSCode_Study\2026.4.15Manuscript-DIODEM\dataset\gait\exp08\motion03_pause1\exp08_motion03_omc.csv,120.0,930,7.75
gait,exp08,motion04_dangle2,motion04,dangle2,imu_nonrigid,e:\VSCode_Study\2026.4.15Manuscript-DIODEM\dataset\gait\exp08\motion04_dangle2\exp08_motion04_imu_nonrigid.csv,40.0,3000,75.0
gait,exp08,motion04_dangle2,motion04,dangle2,imu_rigid,e:\VSCode_Study\2026.4.15Manuscript-DIODEM\dataset\gait\exp08\motion04_dangle2\exp08_motion04_imu_rigid.csv,40.0,3000,75.0
gait,exp08,motion04_dangle2,motion04,dangle2,omc,e:\VSCode_Study\2026.4.15Manuscript-DIODEM\dataset\gait\exp08\motion04_dangle2\exp08_motion04_omc.csv,120.0,9000,75.0
gait,exp08,motion05_pause2,motion05,pause2,imu_nonrigid,e:\VSCode_Study\2026.4.15Manuscript-DIODEM\dataset\gait\exp08\motion05_pause2\exp08_motion05_imu_nonrigid.csv,40.0,300,7.5
gait,exp08,motion05_pause2,motion05,pause2,imu_rigid,e:\VSCode_Study\2026.4.15Manuscript-DIODEM\dataset\gait\exp08\motion05_pause2\exp08_motion05_imu_rigid.csv,40.0,300,7.5
gait,exp08,motion05_pause2,motion05,pause2,omc,e:\VSCode_Study\2026.4.15Manuscript-DIODEM\dataset\gait\exp08\motion05_pause2\exp08_motion05_omc.csv,120.0,900,7.5
gait,exp08,motion06_dangle3,motion06,dangle3,imu_nonrigid,e:\VSCode_Study\2026.4.15Manuscript-DIODEM\dataset\gait\exp08\motion06_dangle3\exp08_motion06_imu_nonrigid.csv,40.0,1950,48.75
gait,exp08,motion06_dangle3,motion06,dangle3,imu_rigid,e:\VSCode_Study\2026.4.15Manuscript-DIODEM\dataset\gait\exp08\motion06_dangle3\exp08_motion06_imu_rigid.csv,40.0,1950,48.75
gait,exp08,motion06_dangle3,motion06,dangle3,omc,e:\VSCode_Study\2026.4.15Manuscript-DIODEM\dataset\gait\exp08\motion06_dangle3\exp08_motion06_omc.csv,120.0,5850,48.75
gait,exp08,motion07_pause3,motion07,pause3,imu_nonrigid,e:\VSCode_Study\2026.4.15Manuscript-DIODEM\dataset\gait\exp08\motion07_pause3\exp08_motion07_imu_nonrigid.csv,40.0,200,5.0
gait,exp08,motion07_pause3,motion07,pause3,imu_rigid,e:\VSCode_Study\2026.4.15Manuscript-DIODEM\dataset\gait\exp08\motion07_pause3\exp08_motion07_imu_rigid.csv,40.0,200,5.0
gait,exp08,motion07_pause3,motion07,pause3,omc,e:\VSCode_Study\2026.4.15Manuscript-DIODEM\dataset\gait\exp08\motion07_pause3\exp08_motion07_omc.csv,120.0,600,5.0
gait,exp08,motion08_dangle4,motion08,dangle4,imu_nonrigid,e:\VSCode_Study\2026.4.15Manuscript-DIODEM\dataset\gait\exp08\motion08_dangle4\exp08_motion08_imu_nonrigid.csv,40.0,2850,71.25
gait,exp08,motion08_dangle4,motion08,dangle4,imu_rigid,e:\VSCode_Study\2026.4.15Manuscript-DIODEM\dataset\gait\exp08\motion08_dangle4\exp08_motion08_imu_rigid.csv,40.0,2850,71.25
gait,exp08,motion08_dangle4,motion08,dangle4,omc,e:\VSCode_Study\2026.4.15Manuscript-DIODEM\dataset\gait\exp08\motion08_dangle4\exp08_motion08_omc.csv,120.0,8550,71.25
gait,exp08,motion09_pause4,motion09,pause4,imu_nonrigid,e:\VSCode_Study\2026.4.15Manuscript-DIODEM\dataset\gait\exp08\motion09_pause4\exp08_motion09_imu_nonrigid.csv,40.0,194,4.85
gait,exp08,motion09_pause4,motion09,pause4,imu_rigid,e:\VSCode_Study\2026.4.15Manuscript-DIODEM\dataset\gait\exp08\motion09_pause4\exp08_motion09_imu_rigid.csv,40.0,194,4.85
gait,exp08,motion09_pause4,motion09,pause4,omc,e:\VSCode_Study\2026.4.15Manuscript-DIODEM\dataset\gait\exp08\motion09_pause4\exp08_motion09_omc.csv,120.0,581,4.841666666666667
gait,exp09,motion01_slow_global,motion01,slow_global,imu_nonrigid,e:\VSCode_Study\2026.4.15Manuscript-DIODEM\dataset\gait\exp09\motion01_slow_global\exp09_motion01_imu_nonrigid.csv,40.0,1550,38.75
gait,exp09,motion01_slow_global,motion01,slow_global,imu_rigid,e:\VSCode_Study\2026.4.15Manuscript-DIODEM\dataset\gait\exp09\motion01_slow_global\exp09_motion01_imu_rigid.csv,40.0,1550,38.75
gait,exp09,motion01_slow_global,motion01,slow_global,omc,e:\VSCode_Study\2026.4.15Manuscript-DIODEM\dataset\gait\exp09\motion01_slow_global\exp09_motion01_omc.csv,120.0,4650,38.75
gait,exp09,motion02_pause1,motion02,pause1,imu_nonrigid,e:\VSCode_Study\2026.4.15Manuscript-DIODEM\dataset\gait\exp09\motion02_pause1\exp09_motion02_imu_nonrigid.csv,40.0,180,4.5
gait,exp09,motion02_pause1,motion02,pause1,imu_rigid,e:\VSCode_Study\2026.4.15Manuscript-DIODEM\dataset\gait\exp09\motion02_pause1\exp09_motion02_imu_rigid.csv,40.0,180,4.5
gait,exp09,motion02_pause1,motion02,pause1,omc,e:\VSCode_Study\2026.4.15Manuscript-DIODEM\dataset\gait\exp09\motion02_pause1\exp09_motion02_omc.csv,120.0,540,4.5
gait,exp09,motion03_fast_global,motion03,fast_global,imu_nonrigid,e:\VSCode_Study\2026.4.15Manuscript-DIODEM\dataset\gait\exp09\motion03_fast_global\exp09_motion03_imu_nonrigid.csv,40.0,1600,40.0
gait,exp09,motion03_fast_global,motion03,fast_global,imu_rigid,e:\VSCode_Study\2026.4.15Manuscript-DIODEM\dataset\gait\exp09\motion03_fast_global\exp09_motion03_imu_rigid.csv,40.0,1600,40.0
gait,exp09,motion03_fast_global,motion03,fast_global,omc,e:\VSCode_Study\2026.4.15Manuscript-DIODEM\dataset\gait\exp09\motion03_fast_global\exp09_motion03_omc.csv,120.0,4800,40.0
gait,exp09,motion04_pause2,motion04,pause2,imu_nonrigid,e:\VSCode_Study\2026.4.15Manuscript-DIODEM\dataset\gait\exp09\motion04_pause2\exp09_motion04_imu_nonrigid.csv,40.0,200,5.0
gait,exp09,motion04_pause2,motion04,pause2,imu_rigid,e:\VSCode_Study\2026.4.15Manuscript-DIODEM\dataset\gait\exp09\motion04_pause2\exp09_motion04_imu_rigid.csv,40.0,200,5.0
gait,exp09,motion04_pause2,motion04,pause2,omc,e:\VSCode_Study\2026.4.15Manuscript-DIODEM\dataset\gait\exp09\motion04_pause2\exp09_motion04_omc.csv,120.0,600,5.0
gait,exp09,motion05_dangle_global1,motion05,dangle_global1,imu_nonrigid,e:\VSCode_Study\2026.4.15Manuscript-DIODEM\dataset\gait\exp09\motion05_dangle_global1\exp09_motion05_imu_nonrigid.csv,40.0,2200,55.0
gait,exp09,motion05_dangle_global1,motion05,dangle_global1,imu_rigid,e:\VSCode_Study\2026.4.15Manuscript-DIODEM\dataset\gait\exp09\motion05_dangle_global1\exp09_motion05_imu_rigid.csv,40.0,2200,55.0
gait,exp09,motion05_dangle_global1,motion05,dangle_global1,omc,e:\VSCode_Study\2026.4.15Manuscript-DIODEM\dataset\gait\exp09\motion05_dangle_global1\exp09_motion05_omc.csv,120.0,6600,55.0
gait,exp09,motion06_pause3,motion06,pause3,imu_nonrigid,e:\VSCode_Study\2026.4.15Manuscript-DIODEM\dataset\gait\exp09\motion06_pause3\exp09_motion06_imu_nonrigid.csv,40.0,500,12.5
gait,exp09,motion06_pause3,motion06,pause3,imu_rigid,e:\VSCode_Study\2026.4.15Manuscript-DIODEM\dataset\gait\exp09\motion06_pause3\exp09_motion06_imu_rigid.csv,40.0,500,12.5
gait,exp09,motion06_pause3,motion06,pause3,omc,e:\VSCode_Study\2026.4.15Manuscript-DIODEM\dataset\gait\exp09\motion06_pause3\exp09_motion06_omc.csv,120.0,1500,12.5
gait,exp09,motion07_dangle_global2,motion07,dangle_global2,imu_nonrigid,e:\VSCode_Study\2026.4.15Manuscript-DIODEM\dataset\gait\exp09\motion07_dangle_global2\exp09_motion07_imu_nonrigid.csv,40.0,2000,50.0
gait,exp09,motion07_dangle_global2,motion07,dangle_global2,imu_rigid,e:\VSCode_Study\2026.4.15Manuscript-DIODEM\dataset\gait\exp09\motion07_dangle_global2\exp09_motion07_imu_rigid.csv,40.0,2000,50.0
gait,exp09,motion07_dangle_global2,motion07,dangle_global2,omc,e:\VSCode_Study\2026.4.15Manuscript-DIODEM\dataset\gait\exp09\motion07_dangle_global2\exp09_motion07_omc.csv,120.0,6000,50.0
gait,exp09,motion08_pause4,motion08,pause4,imu_nonrigid,e:\VSCode_Study\2026.4.15Manuscript-DIODEM\dataset\gait\exp09\motion08_pause4\exp09_motion08_imu_nonrigid.csv,40.0,237,5.925
gait,exp09,motion08_pause4,motion08,pause4,imu_rigid,e:\VSCode_Study\2026.4.15Manuscript-DIODEM\dataset\gait\exp09\motion08_pause4\exp09_motion08_imu_rigid.csv,40.0,237,5.925
gait,exp09,motion08_pause4,motion08,pause4,omc,e:\VSCode_Study\2026.4.15Manuscript-DIODEM\dataset\gait\exp09\motion08_pause4\exp09_motion08_omc.csv,120.0,711,5.925
gait,exp10,motion01_gait_slow,motion01,gait_slow,imu_nonrigid,e:\VSCode_Study\2026.4.15Manuscript-DIODEM\dataset\gait\exp10\motion01_gait_slow\exp10_motion01_imu_nonrigid.csv,40.0,2600,65.0
gait,exp10,motion01_gait_slow,motion01,gait_slow,imu_rigid,e:\VSCode_Study\2026.4.15Manuscript-DIODEM\dataset\gait\exp10\motion01_gait_slow\exp10_motion01_imu_rigid.csv,40.0,2600,65.0
gait,exp10,motion01_gait_slow,motion01,gait_slow,omc,e:\VSCode_Study\2026.4.15Manuscript-DIODEM\dataset\gait\exp10\motion01_gait_slow\exp10_motion01_omc.csv,120.0,7800,65.0
gait,exp10,motion02_gait_fast,motion02,gait_fast,imu_nonrigid,e:\VSCode_Study\2026.4.15Manuscript-DIODEM\dataset\gait\exp10\motion02_gait_fast\exp10_motion02_imu_nonrigid.csv,40.0,3300,82.5
gait,exp10,motion02_gait_fast,motion02,gait_fast,imu_rigid,e:\VSCode_Study\2026.4.15Manuscript-DIODEM\dataset\gait\exp10\motion02_gait_fast\exp10_motion02_imu_rigid.csv,40.0,3300,82.5
gait,exp10,motion02_gait_fast,motion02,gait_fast,omc,e:\VSCode_Study\2026.4.15Manuscript-DIODEM\dataset\gait\exp10\motion02_gait_fast\exp10_motion02_omc.csv,120.0,9900,82.5
gait,exp10,motion03_pause,motion03,pause,imu_nonrigid,e:\VSCode_Study\2026.4.15Manuscript-DIODEM\dataset\gait\exp10\motion03_pause\exp10_motion03_imu_nonrigid.csv,40.0,150,3.75
gait,exp10,motion03_pause,motion03,pause,imu_rigid,e:\VSCode_Study\2026.4.15Manuscript-DIODEM\dataset\gait\exp10\motion03_pause\exp10_motion03_imu_rigid.csv,40.0,150,3.75
gait,exp10,motion03_pause,motion03,pause,omc,e:\VSCode_Study\2026.4.15Manuscript-DIODEM\dataset\gait\exp10\motion03_pause\exp10_motion03_omc.csv,120.0,450,3.75
gait,exp11,motion01_quasistatic1,motion01,quasistatic1,imu_nonrigid,e:\VSCode_Study\2026.4.15Manuscript-DIODEM\dataset\gait\exp11\motion01_quasistatic1\exp11_motion01_imu_nonrigid.csv,40.0,2100,52.5
gait,exp11,motion01_quasistatic1,motion01,quasistatic1,imu_rigid,e:\VSCode_Study\2026.4.15Manuscript-DIODEM\dataset\gait\exp11\motion01_quasistatic1\exp11_motion01_imu_rigid.csv,40.0,2100,52.5
gait,exp11,motion01_quasistatic1,motion01,quasistatic1,omc,e:\VSCode_Study\2026.4.15Manuscript-DIODEM\dataset\gait\exp11\motion01_quasistatic1\exp11_motion01_omc.csv,120.0,6300,52.5
gait,exp11,motion02_slow,motion02,slow,imu_nonrigid,e:\VSCode_Study\2026.4.15Manuscript-DIODEM\dataset\gait\exp11\motion02_slow\exp11_motion02_imu_nonrigid.csv,40.0,680,17.0
gait,exp11,motion02_slow,motion02,slow,imu_rigid,e:\VSCode_Study\2026.4.15Manuscript-DIODEM\dataset\gait\exp11\motion02_slow\exp11_motion02_imu_rigid.csv,40.0,680,17.0
gait,exp11,motion02_slow,motion02,slow,omc,e:\VSCode_Study\2026.4.15Manuscript-DIODEM\dataset\gait\exp11\motion02_slow\exp11_motion02_omc.csv,120.0,2040,17.0
gait,exp11,motion03_rotation,motion03,rotation,imu_nonrigid,e:\VSCode_Study\2026.4.15Manuscript-DIODEM\dataset\gait\exp11\motion03_rotation\exp11_motion03_imu_nonrigid.csv,40.0,1040,26.0
gait,exp11,motion03_rotation,motion03,rotation,imu_rigid,e:\VSCode_Study\2026.4.15Manuscript-DIODEM\dataset\gait\exp11\motion03_rotation\exp11_motion03_imu_rigid.csv,40.0,1040,26.0
gait,exp11,motion03_rotation,motion03,rotation,omc,e:\VSCode_Study\2026.4.15Manuscript-DIODEM\dataset\gait\exp11\motion03_rotation\exp11_motion03_omc.csv,120.0,3120,26.0
gait,exp11,motion04_shaking,motion04,shaking,imu_nonrigid,e:\VSCode_Study\2026.4.15Manuscript-DIODEM\dataset\gait\exp11\motion04_shaking\exp11_motion04_imu_nonrigid.csv,40.0,1460,36.5
gait,exp11,motion04_shaking,motion04,shaking,imu_rigid,e:\VSCode_Study\2026.4.15Manuscript-DIODEM\dataset\gait\exp11\motion04_shaking\exp11_motion04_imu_rigid.csv,40.0,1460,36.5
gait,exp11,motion04_shaking,motion04,shaking,omc,e:\VSCode_Study\2026.4.15Manuscript-DIODEM\dataset\gait\exp11\motion04_shaking\exp11_motion04_omc.csv,120.0,4380,36.5
gait,exp11,motion05_quasistatic2,motion05,quasistatic2,imu_nonrigid,e:\VSCode_Study\2026.4.15Manuscript-DIODEM\dataset\gait\exp11\motion05_quasistatic2\exp11_motion05_imu_nonrigid.csv,40.0,1620,40.5
gait,exp11,motion05_quasistatic2,motion05,quasistatic2,imu_rigid,e:\VSCode_Study\2026.4.15Manuscript-DIODEM\dataset\gait\exp11\motion05_quasistatic2\exp11_motion05_imu_rigid.csv,40.0,1620,40.5
gait,exp11,motion05_quasistatic2,motion05,quasistatic2,omc,e:\VSCode_Study\2026.4.15Manuscript-DIODEM\dataset\gait\exp11\motion05_quasistatic2\exp11_motion05_omc.csv,120.0,4860,40.5
gait,exp11,motion06_explosiv,motion06,explosiv,imu_nonrigid,e:\VSCode_Study\2026.4.15Manuscript-DIODEM\dataset\gait\exp11\motion06_explosiv\exp11_motion06_imu_nonrigid.csv,40.0,1000,25.0
gait,exp11,motion06_explosiv,motion06,explosiv,imu_rigid,e:\VSCode_Study\2026.4.15Manuscript-DIODEM\dataset\gait\exp11\motion06_explosiv\exp11_motion06_imu_rigid.csv,40.0,1000,25.0
gait,exp11,motion06_explosiv,motion06,explosiv,omc,e:\VSCode_Study\2026.4.15Manuscript-DIODEM\dataset\gait\exp11\motion06_explosiv\exp11_motion06_omc.csv,120.0,3000,25.0
gait,exp11,motion07_pause,motion07,pause,imu_nonrigid,e:\VSCode_Study\2026.4.15Manuscript-DIODEM\dataset\gait\exp11\motion07_pause\exp11_motion07_imu_nonrigid.csv,40.0,294,7.35
gait,exp11,motion07_pause,motion07,pause,imu_rigid,e:\VSCode_Study\2026.4.15Manuscript-DIODEM\dataset\gait\exp11\motion07_pause\exp11_motion07_imu_rigid.csv,40.0,294,7.35
gait,exp11,motion07_pause,motion07,pause,omc,e:\VSCode_Study\2026.4.15Manuscript-DIODEM\dataset\gait\exp11\motion07_pause\exp11_motion07_omc.csv,120.0,880,7.333333333333333
